{
  "reg_num": 1,
  "reg_config": [
    {
      "image_num": 20,
      "test_images": [
        "frame_0000.jpg",
        "frame_0001.jpg",
        "frame_0002.jpg",
        "frame_0003.jpg",
        "frame_0004.jpg",
        "frame_0005.jpg",
        "frame_0006.jpg",
        "frame_0007.jpg",
        "frame_0008.jpg",
        "frame_0009.jpg",
        "frame_0010.jpg",
        "frame_0011.jpg",
        "frame_0012.jpg",
        "frame_0013.jpg",
        "frame_0014.jpg",
        "frame_0015.jpg",
        "frame_0016.jpg",
        "frame_0017.jpg",
        "frame_0018.jpg",
        "frame_0019.jpg"
      ],
      "expected_results": [
        -1.0,
        0.488620,
        2.468753,
        2.817080,
        1.574974,
        1.098786,
        1.529645,
        3.297152,
        3.856117,
        2.863656,
        2.301537,
        2.378841,
        3.886416,
        4.471982,
        3.703327,
        2.886540,
        2.920098,
        4.534242,
        5.128541,
        3.331680
      ]
    }
  ]
}