{
  "reg_num": 1,
  "reg_config": [
    {
      "model_name": "wpodnet_v0_bf16.cvimodel",
      "image_num": 50,
      "test_images": [
        "0008A2_00_vehicle.jpg",
        "0108R6_00_vehicle.jpg",
        "0488RM_00_vehicle.jpg",
        "0662ZR_01_vehicle.jpg",
        "0828B8_01_vehicle.jpg",
        "1610HL_01_vehicle.jpg",
        "1669FU_00_vehicle.jpg",
        "2011C2_00_vehicle.jpg",
        "2681QX_03_vehicle.jpg",
        "2816J8_02_vehicle.jpg",
        "2A0982_00_vehicle.jpg",
        "2A0982_01_vehicle.jpg",
        "2H0110_00_vehicle.jpg",
        "3728WQ_00_vehicle.jpg",
        "3P7367_00_vehicle.jpg",
        "3P7367_03_vehicle.jpg",
        "4191T6_00_vehicle.jpg",
        "5267F5_00_vehicle.jpg",
        "5650VW_00_vehicle.jpg",
        "6532VE_03_vehicle.jpg",
        "6A6637_03_vehicle.jpg",
        "7083H8_01_vehicle.jpg",
        "8F6191_00_vehicle.jpg",
        "9281UE_01_vehicle.jpg",
        "Beijing-ADD6136_0_vehicle.jpg",
        "Beijing-MAT282_0_vehicle.jpg",
        "Beijing-Q99XK9_1_vehicle.jpg",
        "Chongqing-ADC3927_0_vehicle.jpg",
        "Chongqing-HT3553_0_vehicle.jpg",
        "Fujian-DD08603_0_vehicle.jpg",
        "Guangdong-A1G8J7_0_vehicle.jpg",
        "Guangdong-AM6572_0_vehicle.jpg",
        "Hebei-R83BU9_0_vehicle.jpg",
        "Heilongjiang-P9185A_0_vehicle.jpg",
        "Jiangsu-B08996D_0_vehicle.jpg",
        "Jiangsu-B80536_0_vehicle.jpg",
        "Jilin-H2899H_0_vehicle.jpg",
        "Jilin-J6R990_0_vehicle.jpg",
        "Liaoning-L29508_0_vehicle.jpg",
        "Shaanxi-CAP000_1_vehicle.jpg",
        "Shaanxi-CD03578_0_vehicle.jpg",
        "Shandong-GF18989_0_vehicle.jpg",
        "Shanghai-AFC1013_1_vehicle.jpg",
        "Sichuan-AH1822_0_vehicle.jpg",
        "Tianjin-ADG5679_0_vehicle.jpg",
        "Tibet-CAW168_0_vehicle.jpg",
        "Tibet-EF6739_0_vehicle.jpg",
        "Yunnan-PXB577_0_vehicle.jpg",
        "Zhejiang-BD63759_0_vehicle.jpg",
        "AKN6803_01_vehicle.jpg"
      ],
      "expected_results": [
        [
          98.135452,
          176.647995,
          186.591415,
          178.558807,
          187.10498,
          223.270142,
          98.649033,
          221.359344
        ],
        [
          299.114838,
          198.922958,
          382.737122,
          197.797623,
          383.161957,
          242.267288,
          299.539642,
          243.392624
        ],
        [
          67.440262,
          189.010193,
          144.778793,
          193.330261,
          148.404037,
          237.558243,
          71.065506,
          233.238159
        ],
        [
          297.865631,
          188.094437,
          376.654266,
          187.781006,
          376.677277,
          230.075516,
          297.888641,
          230.388947
        ],
        [
          82.863136,
          179.788452,
          149.567627,
          183.625153,
          154.491913,
          219.152573,
          87.78743,
          215.315842
        ],
        [
          296.472351,
          157.677292,
          376.227722,
          158.19841,
          377.285095,
          200.251251,
          297.529724,
          199.730118
        ],
        [
          251.714233,
          163.991257,
          327.602692,
          162.699753,
          330.170563,
          201.852386,
          254.282104,
          203.14389
        ],
        [
          316.328613,
          167.007568,
          389.800232,
          166.541199,
          390.812256,
          206.418884,
          317.340668,
          206.885254
        ],
        [
          119.848701,
          197.816513,
          208.304657,
          200.77713,
          208.502914,
          243.313324,
          120.046951,
          240.352707
        ],
        [
          126.735718,
          185.770126,
          211.324738,
          188.171844,
          210.950897,
          229.25795,
          126.361862,
          226.856216
        ],
        [
          32.56897,
          229.825851,
          112.807701,
          239.37233,
          115.813637,
          283.358612,
          35.574902,
          273.812134
        ],
        [
          88.573387,
          231.698898,
          177.029343,
          237.861816,
          179.748276,
          283.539886,
          91.29232,
          277.376984
        ],
        [
          287.141144,
          153.610199,
          370.763428,
          153.412888,
          370.739807,
          195.707413,
          287.117493,
          195.904709
        ],
        [
          284.451813,
          196.740616,
          380.641602,
          196.844467,
          380.694733,
          234.305313,
          284.504913,
          234.201462
        ],
        [
          358.456055,
          200.305573,
          436.761322,
          199.406815,
          437.384399,
          246.293304,
          359.079132,
          247.192062
        ],
        [
          83.012299,
          196.547668,
          164.217773,
          201.562592,
          163.436081,
          245.548889,
          82.230606,
          240.533966
        ],
        [
          276.155396,
          177.235214,
          358.810974,
          175.52832,
          362.285156,
          217.82283,
          279.629578,
          219.529724
        ],
        [
          94.272758,
          159.040527,
          168.711105,
          160.581253,
          168.459976,
          199.975571,
          94.021637,
          198.434845
        ],
        [
          258.865143,
          194.104416,
          346.837738,
          193.945801,
          347.400391,
          239.623886,
          259.427826,
          239.782486
        ],
        [
          82.070114,
          212.876862,
          160.375381,
          216.018738,
          162.928162,
          256.62146,
          84.622894,
          253.479599
        ],
        [
          37.093456,
          240.792221,
          120.232391,
          251.184586,
          126.153618,
          295.895935,
          43.01469,
          285.503571
        ],
        [
          286.81778,
          172.916077,
          368.023224,
          173.080338,
          368.812469,
          216.341583,
          287.607025,
          216.177322
        ],
        [
          138.758041,
          207.344589,
          228.180725,
          209.927582,
          229.07193,
          253.913864,
          139.649246,
          251.330887
        ],
        [
          106.050568,
          201.547974,
          194.023163,
          203.723129,
          193.418945,
          247.951096,
          105.446365,
          245.775955
        ],
        [
          88.335052,
          706.391357,
          358.616302,
          758.570618,
          356.997437,
          864.430786,
          86.716187,
          812.251465
        ],
        [
          443.639801,
          434.17923,
          839.370117,
          434.18042,
          839.347046,
          564.283569,
          443.61673,
          564.282349
        ],
        [
          331.348572,
          387.318329,
          675.214478,
          387.365356,
          675.411133,
          498.507721,
          331.545258,
          498.460693
        ],
        [
          92.68782,
          340.812286,
          276.593903,
          361.782074,
          279.70575,
          426.373474,
          95.799644,
          405.403687
        ],
        [
          222.083191,
          376.257416,
          446.227753,
          398.088165,
          439.135651,
          477.939667,
          214.991119,
          456.108917
        ],
        [
          152.342453,
          257.584045,
          455.916412,
          258.992218,
          455.712585,
          365.378632,
          152.138641,
          363.970459
        ],
        [
          655.39856,
          438.113464,
          952.596924,
          439.274414,
          952.184387,
          547.346558,
