{
     "model" : "hardhat_720_1280.cvimodel", 
     "test_images" : ["03017_1280_720_pad.jpg", "00624.jpg"], 
     "expected_results" : [[3, [[391.888947, 231.962433, 507.211029, 364.037567, 0.994293, 0.992188], 
                                [736.288391, 211.669922, 841.511658, 318.480103, 0.979187, 0.976562],
                                [127.982681, 87.625824, 201.017319, 172.274170, 0.977829, 0.976562]]], 
                           [7, [[617.014343, 102.515770, 672.751221, 170.531097, 0.993637, 0.992188],
                                [113.049507, 137.105331, 168.786423, 203.324356, 0.993477, 0.001289],
                                [388.679382, 95.409645, 441.711212, 162.051315, 0.986740, 0.984375],
                                [529.131042, 93.186035, 580.810425, 156.657730, 0.984940, 0.984375],
                                [210.008865, 120.944275, 259.912994, 182.175858, 0.976921, 0.000359],
                                [281.021881, 113.472191, 327.408264, 168.480942, 0.971069, 0.002319],
                                [347.281525, 165.725632, 398.030975, 227.379852, 0.944794, 0.003387]]]],
     "threshold_bbox" : 0.95,
     "threshold_score" : 0.05
   }
