{
  "reg_num": 1,
  "reg_config": [
    {
      "image_num": 20,
      "test_images": [
        "frame_0000.jpg",
        "frame_0001.jpg",
        "frame_0002.jpg",
        "frame_0003.jpg",
        "frame_0004.jpg",
        "frame_0005.jpg",
        "frame_0006.jpg",
        "frame_0007.jpg",
        "frame_0008.jpg",
        "frame_0009.jpg",
        "frame_0010.jpg",
        "frame_0011.jpg",
        "frame_0012.jpg",
        "frame_0013.jpg",
        "frame_0014.jpg",
        "frame_0015.jpg",
        "frame_0016.jpg",
        "frame_0017.jpg",
        "frame_0018.jpg",
        "frame_0019.jpg"
      ],
      "expected_results": [
        -1.0,
        2.286888,
        3.064857,
        3.226462,
        2.803610,
        2.612575,
        2.876663,
        3.560648,
        3.804261,
        3.477061,
        3.260101,
        3.758587,
        4.334030,
        4.543056,
        4.727230,
        4.444658,
        4.501631,
        5.669316,
        5.858490,
        5.197936
      ]
    }
  ]
}